AND,Andromeda,5436,2.070,Bet,43,And,9618,2.100,Gam-1,57,And
AND,Andromeda,676,2.070,Alp,21,And,3086,3.270,Del,31,And
AND,Andromeda,113366,3.620,Omi,1,And,116218,3.810,Lam,16,And
AND,Andromeda,116218,3.810,Lam,16,And,4426,3.860,Mu,37,And
AND,Andromeda,2906,4.340,Pi,29,And,676,2.070,Alp,21,And
AND,Andromeda,3086,3.270,Del,31,And,5436,2.070,Bet,43,And
AND,Andromeda,4426,3.860,Mu,37,And,5423,4.260,Phi,42,And
AND,Andromeda,4426,3.860,Mu,37,And,2906,4.340,Pi,29,And
ANT,Antlia,51027,4.280,Alp,,Ant,53347,4.600,Iot,,Ant
ANT,Antlia,51027,4.280,Alp,,Ant,46382,4.510,Eps,,Ant
APS,Apus,72144,3.830,Alp,,Aps,79805,4.680,Del-1,,Aps
APS,Apus,79805,4.680,Del-1,,Aps,80819,3.860,Gam,,Aps
APS,Apus,79805,4.680,Del-1,,Aps,81602,4.230,Bet,,Aps
APS,Apus,80819,3.860,Gam,,Aps,81602,4.230,Bet,,Aps
AQL,Aquila,92951,4.020,Eps,13,Aql,93452,2.990,Zet,17,Aql
AQL,Aquila,93136,4.020,,12,Aql,93510,3.430,Lam,16,Aql
AQL,Aquila,93452,2.990,Zet,17,Aql,96970,2.720,Gam,50,Aql
AQL,Aquila,93510,3.430,Lam,16,Aql,95207,3.360,Del,30,Aql
AQL,Aquila,95207,3.360,Del,30,Aql,96970,2.720,Gam,50,Aql
AQL,Aquila,96165,4.360,Iot,41,Aql,93510,3.430,Lam,16,Aql
AQL,Aquila,96970,2.720,Gam,50,Aql,97338,0.760,Alp,53,Aql
AQL,Aquila,97338,0.760,Alp,53,Aql,97725,3.710,Bet,60,Aql
AQL,Aquila,97493,3.870,Eta,55,Aql,96165,4.360,Iot,41,Aql
AQL,Aquila,97725,3.710,Bet,60,Aql,99156,3.240,The,65,Aql
AQL,Aquila,99156,3.240,The,65,Aql,97493,3.870,Eta,55,Aql
AQR,Aquarius,102287,3.780,Eps,2,Aqr,105936,2.900,Bet,22,Aqr
AQR,Aquarius,105936,2.900,Bet,22,Aqr,108528,4.740,Omi,31,Aqr
AQR,Aquarius,108528,4.740,Omi,31,Aqr,110049,3.860,Gam,48,Aqr
AQR,Aquarius,110049,3.860,Gam,48,Aqr,110614,3.650,Zet-1,55,Aqr
AQR,Aquarius,110614,3.650,Zet-1,55,Aqr,110326,4.800,Pi,52,Aqr
AQR,Aquarius,110614,3.650,Zet-1,55,Aqr,111147,4.040,Eta,62,Aqr
AQR,Aquarius,110614,3.650,Zet-1,55,Aqr,112601,3.730,Lam,73,Aqr
AQR,Aquarius,112357,4.050,Tau-2,71,Aqr,112776,3.270,Del,76,Aqr
AQR,Aquarius,112601,3.730,Lam,73,Aqr,112357,4.050,Tau-2,71,Aqr
AQR,Aquarius,112776,3.270,Del,76,Aqr,113980,3.680,,88,Aqr
AQR,Aquarius,113980,3.680,,88,Aqr,115304,4.380,,99,Aqr
AQR,Aquarius,114362,4.220,Phi,90,Aqr,112601,3.730,Lam,73,Aqr
AQR,Aquarius,114753,4.990,Psi-3,95,Aqr,114362,4.220,Phi,90,Aqr
AQR,Aquarius,115304,4.380,,99,Aqr,116851,5.280,,107,Aqr
AQR,Aquarius,116605,4.490,Ome-2,105,Aqr,114753,4.990,Psi-3,95,Aqr
AQR,Aquarius,116851,5.280,,107,Aqr,116605,4.490,Ome-2,105,Aqr
ARA,Ara,82826,3.120,Zet,,Ara,82112,3.770,Eta,,Ara
ARA,Ara,82826,3.120,Zet,,Ara,82898,4.060,Eps-1,,Ara
ARA,Ara,84999,2.840,Bet,,Ara,82826,3.120,Zet,,Ara
ARA,Ara,84999,2.840,Bet,,Ara,85008,3.310,Gam,,Ara
ARA,Ara,85008,3.310,Gam,,Ara,85467,3.600,Del,,Ara
ARA,Ara,85530,2.840,Alp,,Ara,84999,2.840,Bet,,Ara
ARA,Ara,88439,3.650,The,,Ara,85530,2.840,Alp,,Ara
ARI,Aries,8813,3.880,Gam-2,5,Ari,8884,2.640,Bet,6,Ari
ARI,Aries,8884,2.640,Bet,6,Ari,9861,2.010,Alp,13,Ari
ARI,Aries,9861,2.010,Alp,13,Ari,14802,4.350,Del,57,Ari
AUR,Auriga,22961,2.690,Iot,3,Aur,23712,3.180,Eta,10,Aur
AUR,Auriga,23712,3.180,Eta,10,Aur,24549,0.080,Alp,13,Aur
AUR,Auriga,24549,0.080,Alp,13,Aur,28287,3.720,Del,33,Aur
AUR,Auriga,25364,1.650,Bet,112,Tau,22961,2.690,Iot,3,Aur
AUR,Auriga,28288,1.900,Bet,34,Aur,24549,0.080,Alp,13,Aur
AUR,Auriga,28288,1.900,Bet,34,Aur,28309,2.650,The,37,Aur
AUR,Auriga,28287,3.720,Del,33,Aur,28333,4.300,Pi,35,Aur
AUR,Auriga,28309,2.650,The,37,Aur,25364,1.650,Bet,112,Tau
AUR,Auriga,28333,4.300,Pi,35,Aur,28288,1.900,Bet,34,Aur
BOO,Bootes,67711,2.680,Eta,8,Boo,67246,4.050,Ups,5,Boo
BOO,Bootes,69451,-0.050,Alp,16,Boo,67711,2.680,Eta,8,Boo
BOO,Bootes,69451,-0.050,Alp,16,Boo,70828,3.570,Rho,25,Boo
BOO,Bootes,69451,-0.050,Alp,16,Boo,71569,3.780,Zet,30,Boo
BOO,Bootes,69510,4.180,Lam,19,Boo,70274,4.040,The,23,Boo
BOO,Bootes,70828,3.570,Rho,25,Boo,70851,3.040,Gam,27,Boo
BOO,Bootes,70851,3.040,Gam,27,Boo,69510,4.180,Lam,19,Boo
BOO,Bootes,70851,3.040,Gam,27,Boo,73327,3.490,Bet,42,Boo
BOO,Bootes,71879,2.350,Eps,36,Boo,69451,-0.050,Alp,16,Boo
BOO,Bootes,73327,3.490,Bet,42,Boo,74438,3.460,Del,49,Boo
BOO,Bootes,74438,3.460,Del,49,Boo,71879,2.350,Eps,36,Boo
CAE,Caelum,21008,5.070,Del,,Cae,21717,4.440,Alp,,Cae
CAE,Caelum,21717,4.440,Alp,,Cae,21808,5.040,Bet,,Cae
CAE,Caelum,21808,5.040,Bet,,Cae,23540,4.550,Gam-1,,Cae
CAM,Camelopardalis,17917,4.590,Gam,,Cam,22730,4.260,Alp,9,Cam
CAM,Camelopardalis,22730,4.260,Alp,9,Cam,23467,4.030,Bet,10,Cam
CAM,Camelopardalis,22730,4.260,Alp,9,Cam,29417,5.360,,36,Cam
CAM,Camelopardalis,23467,4.030,Bet,10,Cam,22987,4.430,,7,Cam
CAM,Camelopardalis,29417,5.360,,36,Cam,33017,5.110,,43,Cam
CAP,Capricornus,99706,4.300,Alp-1,5,Cap,100020,3.050,Bet,9,Cap
CAP,Capricornus,100020,3.050,Bet,9,Cap,102154,4.130,Psi,16,Cap
CAP,Capricornus,102154,4.130,Psi,16,Cap,102647,4.120,Ome,18,Cap
CAP,Capricornus,102647,4.120,Ome,18,Cap,103899,4.490,,24,Cap
CAP,Capricornus,103804,4.080,The,23,Cap,99743,3.580,Alp-2,6,Cap
CAP,Capricornus,103899,4.490,,24,Cap,105540,3.770,Zet,34,Cap
CAP,Capricornus,105175,4.280,Iot,32,Cap,103804,4.080,The,23,Cap
CAP,Capricornus,105540,3.770,Zet,34,Cap,106381,4.510,Eps,39,Cap
CAP,Capricornus,106381,4.510,Eps,39,Cap,107213,2.850,Del,49,Cap
CAP,Capricornus,106642,3.690,Gam,40,Cap,105175,4.280,Iot,32,Cap
CAP,Capricornus,107213,2.850,Del,49,Cap,106642,3.690,Gam,40,Cap
CAR,Carina,49958,3.290,Ome,,Car,45106,1.670,Bet,,Car
CAR,Carina,51047,4.650,,,Car,51428,3.300,,,Car
CAR,Carina,51428,3.300,,,Car,52268,2.740,The,,Car
CAR,Carina,52268,2.740,The,,Car,49958,3.290,Ome,,Car
CAR,Carina,30365,-0.620,Alp,,Car,38713,3.460,Chi,,Car
CAR,Carina,38713,3.460,Chi,,Car,40921,1.860,Eps,,Car
CAR,Carina,40921,1.860,Eps,,Car,44952,3.430,,,Car
CAR,Carina,40921,1.860,Eps,,Car,45809,2.470,Kap,,Vel
CAR,Carina,45106,1.670,Bet,,Car,47866,2.920,Ups,,Car
CAR,Carina,45425,2.210,Iot,,Car,51047,4.650,,,Car
CAR,Carina,47866,2.920,Ups,,Car,45425,2.210,Iot,,Car
CAS,Cassiopeia,6672,2.660,Del,37,Cas,8867,3.350,Eps,45,Cas
CAS,Cassiopeia,744,2.280,Bet,11,Cas,3172,2.240,Alp,18,Cas
CAS,Cassiopeia,3172,2.240,Alp,18,Cas,4417,2.150,Gam,27,Cas
CAS,Cassiopeia,4417,2.150,Gam,27,Cas,6672,2.660,Del,37,Cas
CEN,Centaurus,55260,3.900,Pi,,Cen,59016,2.580,Del,,Cen
CEN,Centaurus,56392,3.110,Lam,,Cen,55260,3.900,Pi,,Cen
CEN,Centaurus,59016,2.580,Del,,Cen,61739,2.200,Gam,,Cen
CEN,Centaurus,61739,2.200,Gam,,Cen,64904,2.750,Iot,,Cen
CEN,Centaurus,64904,2.750,Iot,,Cen,68714,2.060,The,5,Cen
CEN,Centaurus,66447,2.290,Eps,,Cen,61739,2.200,Gam,,Cen
CEN,Centaurus,66447,2.290,Eps,,Cen,68483,0.610,Bet,,Cen
CEN,Centaurus,67786,2.550,Zet,,Cen,66447,2.290,Eps,,Cen
CEN,Centaurus,68483,0.610,Bet,,Cen,71456,-0.010,Alp-1,,Cen
CEN,Centaurus,68714,2.060,The,5,Cen,71125,2.330,Eta,,Cen
CEN,Centaurus,71125,2.330,Eta,,Cen,67786,2.550,Zet,,Cen
CEN,Centaurus,71125,2.330,Eta,,Cen,73107,3.130,Kap,,Cen
CEP,Cepheus,104861,2.450,Alp,5,Cep,109146,3.390,Zet,21,Cep
CEP,Cepheus,105691,3.230,Bet,8,Cep,104861,2.450,Alp,5,Cep
CEP,Cepheus,105691,3.230,Bet,8,Cep,112364,3.500,Iot,32,Cep
CEP,Cepheus,109146,3.390,Zet,21,Cep,112364,3.500,Iot,32,Cep
CEP,Cepheus,112364,3.500,Iot,32,Cep,116361,3.210,Gam,35,Cep
CEP,Cepheus,116361,3.210,Gam,35,Cep,105691,3.230,Bet,8,Cep
CET,Cetus,5353,3.460,Eta,31,Cet,6523,3.600,The,45,Cet
CET,Cetus,6523,3.600,The,45,Cet,8628,3.740,Zet,55,Cet
CET,Cetus,8087,3.490,Tau,52,Cet,9328,3.990,Ups,59,Cet
CET,Cetus,8628,3.740,Zet,55,Cet,8087,3.490,Tau,52,Cet
CET,Cetus,8628,3.740,Zet,55,Cet,10800,6.470,Omi,68,Cet
CET,Cetus,8628,3.740,Zet,55,Cet,12737,4.240,Pi,89,Cet
CET,Cetus,10800,6.470,Omi,68,Cet,12355,4.080,Del,82,Cet
CET,Cetus,11457,4.300,Xi-2,73,Cet,12673,3.470,Gam,86,Cet
CET,Cetus,12355,4.080,Del,82,Cet,12673,3.470,Gam,86,Cet
CET,Cetus,12673,3.470,Gam,86,Cet,14100,2.540,Alp,92,Cet
CET,Cetus,12795,4.270,Mu,87,Cet,11457,4.300,Xi-2,73,Cet
CET,Cetus,13920,4.710,Lam,91,Cet,12795,4.270,Mu,87,Cet
CET,Cetus,14100,2.540,Alp,92,Cet,13920,4.710,Lam,91,Cet
CET,Cetus,1559,3.560,Iot,8,Cet,3413,2.040,Bet,16,Cet
CET,Cetus,3413,2.040,Bet,16,Cet,5353,3.460,Eta,31,Cet
CIR,Circinus,71682,3.180,Alp,,Cir,74595,4.070,Bet,,Cir
CIR,Circinus,71682,3.180,Alp,,Cir,75094,4.480,Gam,,Cir
CMA,Canis Major,32263,-1.440,Alp,9,CMa,30251,1.980,Bet,2,CMa
CMA,Canis Major,32263,-1.440,Alp,9,CMa,33888,3.020,Omi-2,24,CMa
CMA,Canis Major,33492,1.500,Eps,21,CMa,30049,3.020,Zet,1,CMa
CMA,Canis Major,33769,3.490,Sig,22,CMa,33492,1.500,Eps,21,CMa
CMA,Canis Major,33888,3.020,Omi-2,24,CMa,34354,1.830,Del,25,CMa
CMA,Canis Major,33956,4.110,Gam,23,CMa,32263,-1.440,Alp,9,CMa
CMA,Canis Major,34354,1.830,Del,25,CMa,33769,3.490,Sig,22,CMa
CMA,Canis Major,34354,1.830,Del,25,CMa,35806,2.450,Eta,31,CMa
CMI,Canis Minor,37173,0.400,Alp,10,CMi,36087,2.890,Bet,3,CMi
CNC,Cancer,42687,4.660,Gam,43,Cnc,42984,4.030,Iot,48,Cnc
CNC,Cancer,42792,3.940,Del,47,Cnc,40411,3.530,Bet,17,Cnc
CNC,Cancer,42792,3.940,Del,47,Cnc,42687,4.660,Gam,43,Cnc
CNC,Cancer,43939,4.260,Alp,65,Cnc,42792,3.940,Del,47,Cnc
COL,Columba,25794,3.860,Eps,,Col,26569,2.650,Alp,,Col
COL,Columba,26569,2.650,Alp,,Col,27559,3.120,Bet,,Col
COL,Columba,27559,3.120,Bet,,Col,28127,4.360,Gam,,Col
COL,Columba,27559,3.120,Bet,,Col,28256,3.960,Eta,,Col
COL,Columba,28127,4.360,Gam,,Col,30204,3.850,Del,,Col
CRT,Crater,53584,4.080,Alp,7,Crt,52789,3.110,Nu,,Hya
CRT,Crater,53584,4.080,Alp,7,Crt,55118,3.560,Del,12,Crt
CRT,Crater,54522,4.460,Bet,11,Crt,53584,4.080,Alp,7,Crt
CRT,Crater,55118,3.560,Del,12,Crt,55521,4.810,Eps,14,Crt
CRT,Crater,55521,4.810,Eps,14,Crt,56464,4.700,The,21,Crt
CRT,Crater,55539,4.060,Gam,15,Crt,55118,3.560,Del,12,Crt
CRT,Crater,57111,4.710,Zet,27,Crt,55539,4.060,Gam,15,Crt
CRT,Crater,58014,5.170,Eta,30,Crt,57111,4.710,Zet,27,Crt
CRA,Corona Austrina,90700,4.620,The,,CrA,92021,5.460,Eta-1,,CrA
CRA,Corona Austrina,92021,5.460,Eta-1,,CrA,93248,4.740,Zet,,CrA
CRA,Corona Austrina,93248,4.740,Zet,,CrA,93710,4.570,Del,,CrA
CRA,Corona Austrina,93530,4.230,Gam,,CrA,92881,4.830,Eps,,CrA
CRA,Corona Austrina,93710,4.570,Del,,CrA,93865,4.100,Bet,,CrA
CRA,Corona Austrina,93819,4.110,Alp,,CrA,93530,4.230,Gam,,CrA
CRA,Corona Austrina,93865,4.100,Bet,,CrA,93819,4.110,Alp,,CrA
CRU,Crux,60893,1.590,Gam,,Cru,60530,0.770,Alp-1,,Cru
CRU,Crux,62239,1.250,Bet,,Cru,59565,2.790,Del,,Cru
CRV,Corvus,59020,4.020,Alp,1,Crv,59134,3.020,Eps,2,Crv
CRV,Corvus,59134,3.020,Eps,2,Crv,61166,2.650,Bet,9,Crv
CRV,Corvus,59621,2.580,Gam,4,Crv,59134,3.020,Eps,2,Crv
CRV,Corvus,60776,2.940,Del,7,Crv,59621,2.580,Gam,4,Crv
CRV,Corvus,61166,2.650,Bet,9,Crv,60776,2.940,Del,7,Crv
CVN,Canes Venatici,62921,5.610,Alp-1,12,CVn,61124,4.240,Bet,8,CVn
CVN,Canes Venatici,62921,5.610,Alp-1,12,CVn,64639,4.720,,20,CVn
CYG,Cygnus,97799,3.890,Eta,21,Cyg,95648,3.050,Bet-1,6,Cyg
CYG,Cygnus,100128,2.230,Gam,37,Cyg,96858,2.860,Del,18,Cyg
CYG,Cygnus,100128,2.230,Gam,37,Cyg,97799,3.890,Eta,21,Cyg
CYG,Cygnus,100128,2.230,Gam,37,Cyg,102157,2.480,Eps,53,Cyg
CYG,Cygnus,101767,1.250,Alp,50,Cyg,100128,2.230,Gam,37,Cyg
DEL,Delphinus,101442,3.640,Bet,6,Del,101095,4.030,Eps,2,Del
DEL,Delphinus,101442,3.640,Bet,6,Del,101629,3.770,Alp,9,Del
DEL,Delphinus,101629,3.770,Alp,9,Del,102200,5.150,Gam-1,12,Del
DEL,Delphinus,101950,4.430,Del,11,Del,101442,3.640,Bet,6,Del
DEL,Delphinus,102200,5.150,Gam-1,12,Del,101950,4.430,Del,11,Del
DOR,Dorado,21228,3.300,Alp,,Dor,19843,4.260,Gam,,Dor
DOR,Dorado,26004,3.760,Bet,,Dor,21228,3.300,Alp,,Dor
DOR,Dorado,27034,4.340,Del,,Dor,26004,3.760,Bet,,Dor
DRA,Draco,61088,3.850,Kap,5,Dra,56044,3.820,Lam,1,Dra
DRA,Draco,68537,3.670,Alp,11,Dra,61088,3.850,Kap,5,Dra
DRA,Draco,75229,3.290,Iot,12,Dra,68537,3.670,Alp,11,Dra
DRA,Draco,78290,4.010,The,13,Dra,75229,3.290,Iot,12,Dra
DRA,Draco,80089,2.730,Eta,14,Dra,78290,4.010,The,13,Dra
DRA,Draco,83638,3.170,Zet,22,Dra,80089,2.730,Eta,14,Dra
DRA,Draco,83638,3.170,Zet,22,Dra,89630,4.220,Phi,43,Dra
DRA,Draco,85410,2.790,Bet,23,Dra,85557,4.890,Nu-1,24,Dra
DRA,Draco,85557,4.890,Nu-1,24,Dra,87314,3.730,Xi,32,Dra
DRA,Draco,87314,3.730,Xi,32,Dra,87561,2.240,Gam,33,Dra
DRA,Draco,87314,3.730,Xi,32,Dra,92225,4.630,Omi,47,Dra
DRA,Draco,87561,2.240,Gam,33,Dra,85410,2.790,Bet,23,Dra
DRA,Draco,89630,4.220,Phi,43,Dra,94081,3.070,Del,57,Dra
DRA,Draco,89660,3.550,Chi,44,Dra,83638,3.170,Zet,22,Dra
DRA,Draco,92225,4.630,Omi,47,Dra,98389,4.510,Rho,67,Dra
DRA,Draco,94081,3.070,Del,57,Dra,94786,4.600,Pi,58,Dra
DRA,Draco,94352,4.450,Tau,60,Dra,89660,3.550,Chi,44,Dra
DRA,Draco,94786,4.600,Pi,58,Dra,87314,3.730,Xi,32,Dra
DRA,Draco,97124,3.840,Eps,63,Dra,94352,4.450,Tau,60,Dra
DRA,Draco,98389,4.510,Rho,67,Dra,97124,3.840,Eps,63,Dra
EQU,Equuleus,104520,4.470,Del,7,Equ,104184,4.700,Gam,5,Equ
EQU,Equuleus,104649,3.920,Alp,8,Equ,104520,4.470,Del,7,Equ
ERI,Eridanus,7574,0.450,Alp,,Eri,8989,3.690,Chi,,Eri
ERI,Eridanus,8989,3.690,Chi,,Eri,10578,3.560,Phi,,Eri
ERI,Eridanus,10578,3.560,Phi,,Eri,11380,4.240,Kap,,Eri
ERI,Eridanus,11380,4.240,Kap,,Eri,12381,4.740,,,Eri
ERI,Eridanus,12381,4.740,,,Eri,12452,4.110,Iot,,Eri
ERI,Eridanus,12452,4.110,Iot,,Eri,13813,2.880,The-1,,Eri
ERI,Eridanus,12737,4.240,Pi,89,Cet,13667,3.890,Eta,3,Eri
ERI,Eridanus,12810,4.470,Tau-1,1,Eri,12737,4.240,Pi,89,Cet
ERI,Eridanus,12810,4.470,Tau-1,1,Eri,14112,4.080,Tau-3,11,Eri
ERI,Eridanus,13667,3.890,Eta,3,Eri,15159,4.800,Zet,13,Eri
ERI,Eridanus,13813,2.880,The-1,,Eri,17309,4.590,,,Eri
ERI,Eridanus,14112,4.080,Tau-3,11,Eri,15436,3.700,Tau-4,16,Eri
ERI,Eridanus,15159,4.800,Zet,13,Eri,16496,3.720,Eps,18,Eri
ERI,Eridanus,15436,3.700,Tau-4,16,Eri,16570,4.260,Tau-5,19,Eri
ERI,Eridanus,16496,3.720,Eps,18,Eri,17336,3.520,Del,23,Eri
ERI,Eridanus,16570,4.260,Tau-5,19,Eri,17609,4.220,Tau-6,27,Eri
ERI,Eridanus,17336,3.520,Del,23,Eri,17551,4.430,Pi,26,Eri
ERI,Eridanus,17551,4.430,Pi,26,Eri,18497,2.970,Gam,34,Eri
ERI,Eridanus,17609,4.220,Tau-6,27,Eri,18171,4.640,Tau-8,33,Eri
ERI,Eridanus,17757,4.300,,,Eri,17309,4.590,,,Eri
ERI,Eridanus,18171,4.640,Tau-8,33,Eri,18626,4.620,Tau-9,36,Eri
ERI,Eridanus,18497,2.970,Gam,34,Eri,19538,4.040,Omi-1,38,Eri
ERI,Eridanus,18626,4.620,Tau-9,36,Eri,21195,4.490,Ups-1,50,Eri
ERI,Eridanus,19538,4.040,Omi-1,38,Eri,21391,3.930,Nu,48,Eri
ERI,Eridanus,19992,3.550,Ups-4,41,Eri,17757,4.300,,,Eri
ERI,Eridanus,20483,3.970,,43,Eri,19992,3.550,Ups-4,41,Eri
ERI,Eridanus,21195,4.490,Ups-1,50,Eri,21340,3.810,Ups-2,52,Eri
ERI,Eridanus,21340,3.810,Ups-2,52,Eri,20483,3.970,,43,Eri
ERI,Eridanus,21391,3.930,Nu,48,Eri,22056,4.010,Mu,57,Eri
ERI,Eridanus,22056,4.010,Mu,57,Eri,23820,2.780,Bet,67,Eri
GEM,Gemini,29582,3.310,Eta,7,Gem,28664,4.160,,1,Gem
GEM,Gemini,30270,2.870,Mu,13,Gem,29582,3.310,Eta,7,Gem
GEM,Gemini,31601,1.930,Gam,24,Gem,34000,4.010,Zet,43,Gem
GEM,Gemini,32161,3.060,Eps,27,Gem,30270,2.870,Mu,13,Gem
GEM,Gemini,32276,3.350,Xi,31,Gem,31601,1.930,Gam,24,Gem
GEM,Gemini,34000,4.010,Zet,43,Gem,35453,3.500,Del,55,Gem
GEM,Gemini,35453,3.500,Del,55,Gem,37718,1.160,Bet,78,Gem
GEM,Gemini,36744,1.580,Alp,66,Gem,32161,3.060,Eps,27,Gem
GEM,Gemini,37718,1.160,Bet,78,Gem,36744,1.580,Alp,66,Gem
GRU,Grus,107742,3.000,Gam,,Gru,108765,4.470,Lam,,Gru
GRU,Grus,108765,4.470,Lam,,Gru,109562,4.790,Mu-1,,Gru
GRU,Grus,109562,4.790,Mu-1,,Gru,110650,3.970,Del-1,,Gru
GRU,Grus,110650,3.970,Del-1,,Gru,108922,1.730,Alp,,Gru
GRU,Grus,110650,3.970,Del-1,,Gru,111768,2.070,Bet,,Gru
GRU,Grus,111768,2.070,Bet,,Gru,112263,3.490,Eps,,Gru
GRU,Grus,111768,2.070,Bet,,Gru,114059,3.880,Iot,,Gru
GRU,Grus,112263,3.490,Eps,,Gru,113278,4.110,Zet,,Gru
GRU,Grus,114059,3.880,Iot,,Gru,113770,4.280,The,,Gru
HER,Hercules,78861,4.230,Phi,11,Her,77524,4.600,Chi,1,Her
HER,Hercules,79750,3.910,Tau,22,Her,78861,4.230,Phi,11,Her
HER,Hercules,80571,2.780,Bet,27,Her,79928,3.740,Gam,20,Her
HER,Hercules,80880,4.200,Sig,35,Her,79750,3.910,Tau,22,Her
HER,Hercules,81444,2.810,Zet,40,Her,80571,2.780,Bet,27,Her
HER,Hercules,81444,2.810,Zet,40,Her,81583,3.480,Eta,44,Her
HER,Hercules,81583,3.480,Eta,44,Her,80880,4.200,Sig,35,Her
HER,Hercules,81583,3.480,Eta,44,Her,84122,3.160,Pi,67,Her
HER,Hercules,82952,3.920,Eps,58,Her,81444,2.810,Zet,40,Her
HER,Hercules,84086,2.780,Alp-1,64,Her,84121,3.120,Del,65,Her
HER,Hercules,84121,3.120,Del,65,Her,82952,3.920,Eps,58,Her
HER,Hercules,84121,3.120,Del,65,Her,85433,4.410,Lam,76,Her
HER,Hercules,84122,3.160,Pi,67,Her,82952,3.920,Eps,58,Her
HER,Hercules,84122,3.160,Pi,67,Her,84853,4.150,Rho,75,Her
HER,Hercules,84122,3.160,Pi,67,Her,86148,3.820,Iot,85,Her
HER,Hercules,84853,4.150,Rho,75,Her,87537,3.860,The,91,Her
HER,Hercules,85433,4.410,Lam,76,Her,86705,3.420,Mu,86,Her
HER,Hercules,86705,3.420,Mu,86,Her,87661,3.700,Xi,92,Her
HER,Hercules,87661,3.700,Xi,92,Her,88517,3.840,Omi,103,Her
HOR,Horologium,12193,5.300,Eta,,Hor,12451,5.210,Zet,,Hor
HOR,Horologium,12451,5.210,Zet,,Hor,14206,5.120,Mu,,Hor
HOR,Horologium,12620,5.400,Iot,,Hor,12193,5.300,Eta,,Hor
HOR,Horologium,14206,5.120,Mu,,Hor,13850,4.980,Bet,,Hor
HOR,Horologium,19697,3.850,Alp,,Hor,12620,5.400,Iot,,Hor
HYA,Hydra,49261,4.600,Ups-2,40,Hya,48219,4.110,Ups-1,39,Hya
HYA,Hydra,49700,3.610,Lam,41,Hya,49261,4.600,Ups-2,40,Hya
HYA,Hydra,50924,3.830,Mu,42,Hya,49700,3.610,Lam,41,Hya
HYA,Hydra,52789,3.110,Nu,,Hya,50924,3.830,Mu,42,Hya
HYA,Hydra,56174,3.540,Xi,,Hya,52789,3.110,Nu,,Hya
HYA,Hydra,57763,4.290,Bet,,Hya,56174,3.540,Xi,,Hya
HYA,Hydra,64758,2.990,Gam,46,Hya,57763,4.290,Bet,,Hya
HYA,Hydra,68675,3.250,Pi,49,Hya,64758,2.990,Gam,46,Hya
HYA,Hydra,42195,4.140,Del,4,Hya,42283,4.450,Sig,5,Hya
HYA,Hydra,42283,4.450,Sig,5,Hya,42680,4.300,Eta,7,Hya
HYA,Hydra,42680,4.300,Eta,7,Hya,43689,3.110,Zet,16,Hya
HYA,Hydra,42990,3.380,Eps,11,Hya,42195,4.140,Del,4,Hya
HYA,Hydra,43689,3.110,Zet,16,Hya,42990,3.380,Eps,11,Hya
HYA,Hydra,45204,3.890,The,22,Hya,43689,3.110,Zet,16,Hya
HYA,Hydra,46259,1.990,Alp,30,Hya,47297,3.900,Iot,35,Hya
HYA,Hydra,47297,3.900,Iot,35,Hya,45204,3.890,The,22,Hya
HYA,Hydra,48219,4.110,Ups-1,39,Hya,46259,1.990,Alp,30,Hya
HYI,Hydrus,9217,2.860,Alp,,Hyi,2016,2.820,Bet,,Hyi
HYI,Hydrus,12360,4.120,Eps,,Hyi,9217,2.860,Alp,,Hyi
HYI,Hydrus,17637,3.260,Gam,,Hyi,12360,4.120,Eps,,Hyi
HYI,Hydrus,2016,2.820,Bet,,Hyi,17637,3.260,Gam,,Hyi
IND,Indus,101445,3.110,Alp,,Ind,104979,4.390,The,,Ind
IND,Indus,104979,4.390,The,,Ind,102895,3.670,Bet,,Ind
IND,Indus,104979,4.390,The,,Ind,108086,4.400,Del,,Ind
LAC,Lacerta,110005,4.550,,2,Lac,111591,4.500,,11,Lac
LAC,Lacerta,110192,4.420,Bet,3,Lac,110822,3.760,Alp,7,Lac
LAC,Lacerta,110263,4.550,,4,Lac,110675,4.340,,5,Lac
LAC,Lacerta,110675,4.340,,5,Lac,110005,4.550,,2,Lac
LAC,Lacerta,110822,3.760,Alp,7,Lac,110263,4.550,,4,Lac
LAC,Lacerta,111591,4.500,,11,Lac,109591,4.140,,1,Lac
LEO,Leo,49441,3.480,Eta,30,Leo,50440,2.010,Gam-1,41,Leo
LEO,Leo,49528,1.360,Alp,32,Leo,49441,3.480,Eta,30,Leo
LEO,Leo,50193,3.430,Zet,36,Leo,48318,3.880,Mu,24,Leo
LEO,Leo,50440,2.010,Gam-1,41,Leo,50193,3.430,Zet,36,Leo
LEO,Leo,54712,2.560,Del,68,Leo,54718,3.330,The,70,Leo
LEO,Leo,54718,3.330,The,70,Leo,49528,1.360,Alp,32,Leo
LEO,Leo,54718,3.330,The,70,Leo,57459,2.140,Bet,94,Leo
LEO,Leo,57459,2.140,Bet,94,Leo,54712,2.560,Del,68,Leo
LEO,Leo,48318,3.880,Mu,24,Leo,47772,2.970,Eps,17,Leo
LEP,Lepus,25542,2.810,Bet,9,Lep,23630,3.190,Eps,2,Lep
LEP,Lepus,25542,2.810,Bet,9,Lep,27006,3.590,Gam,13,Lep
LEP,Lepus,25920,2.580,Alp,11,Lep,24249,3.290,Mu,5,Lep
LEP,Lepus,25920,2.580,Alp,11,Lep,25542,2.810,Bet,9,Lep
LEP,Lepus,27006,3.590,Gam,13,Lep,27585,3.760,Del,15,Lep
LEP,Lepus,27220,3.550,Zet,14,Lep,25920,2.580,Alp,11,Lep
LEP,Lepus,27585,3.760,Del,15,Lep,25920,2.580,Alp,11,Lep
LEP,Lepus,28032,3.710,Eta,16,Lep,27220,3.550,Zet,14,Lep
LIB,Libra,72396,2.750,Alp-2,9,Lib,74556,2.610,Bet,27,Lib
LIB,Libra,73486,3.250,Sig,20,Lib,72396,2.750,Alp-2,9,Lib
LIB,Libra,73486,3.250,Sig,20,Lib,76235,3.600,Ups,39,Lib
LIB,Libra,74556,2.610,Bet,27,Lib,76100,3.910,Gam,38,Lib
LIB,Libra,76100,3.910,Gam,38,Lib,73486,3.250,Sig,20,Lib
LIB,Libra,76235,3.600,Ups,39,Lib,76365,3.660,Tau,40,Lib
LMI,Leo Minor,51089,4.200,Bet,31,LMi,49451,4.490,,21,LMi
LMI,Leo Minor,51089,4.200,Bet,31,LMi,53075,3.790,,46,LMi
LUP,Lupus,71634,2.300,Alp,,Lup,74167,3.410,Zet,,Lup
LUP,Lupus,73046,2.680,Bet,,Lup,71634,2.300,Alp,,Lup
LUP,Lupus,74167,3.410,Zet,,Lup,75035,3.370,Eps,,Lup
LUP,Lupus,74912,3.220,Del,,Lup,73046,2.680,Bet,,Lup
LUP,Lupus,74948,3.570,Phi-1,,Lup,74912,3.220,Del,,Lup
LUP,Lupus,75035,3.370,Eps,,Lup,76065,2.800,Gam,,Lup
LUP,Lupus,78148,3.420,Eta,,Lup,76065,2.800,Gam,,Lup
LUP,Lupus,77398,3.970,Chi,5,Lup,74948,3.570,Phi-1,,Lup
LUP,Lupus,78678,4.220,The,,Lup,78148,3.420,Eta,,Lup
LUP,Lupus,78678,4.220,The,,Lup,77398,3.970,Chi,5,Lup
LYN,Lynx,29987,4.440,,2,Lyn,33362,4.350,,15,Lyn
LYN,Lynx,33362,4.350,,15,Lyn,36044,4.610,,21,Lyn
LYN,Lynx,36044,4.610,,21,Lyn,39734,4.780,,27,Lyn
LYN,Lynx,39734,4.780,,27,Lyn,40959,4.250,,31,Lyn
LYN,Lynx,45557,3.820,,38,Lyn,40959,4.250,,31,Lyn
LYN,Lynx,45728,3.140,Alp,40,Lyn,45557,3.820,,38,Lyn
LYR,Lyra,90979,0.030,Alp,3,Lyr,91633,4.670,Eps-1,4,Lyr
LYR,Lyra,90979,0.030,Alp,3,Lyr,91686,5.730,Zet-2,7,Lyr
LYR,Lyra,91686,5.730,Zet-2,7,Lyr,92133,3.520,Bet,10,Lyr
LYR,Lyra,92133,3.520,Bet,10,Lyr,92902,3.250,Gam,14,Lyr
LYR,Lyra,92502,4.220,Del-2,12,Lyr,91686,5.730,Zet-2,7,Lyr
LYR,Lyra,92902,3.250,Gam,14,Lyr,92502,4.220,Del-2,12,Lyr
MEN,Mensa,22818,5.470,Eta,,Men,23412,5.300,Bet,,Men
MEN,Mensa,25853,5.180,Gam,,Men,22818,5.470,Eta,,Men
MEN,Mensa,29198,5.080,Alp,,Men,25853,5.180,Gam,,Men
MIC,Microscopium,102500,4.890,Alp,,Mic,103406,4.670,Gam,,Mic
MIC,Microscopium,103406,4.670,Gam,,Mic,104802,4.710,Eps,,Mic
MIC,Microscopium,104802,4.710,Eps,,Mic,105041,4.800,The-1,,Mic
MON,Monoceros,30794,3.760,Bet,11,Mon,29578,3.990,Gam,5,Mon
MON,Monoceros,34677,4.150,Del,22,Mon,30794,3.760,Bet,11,Mon
MON,Monoceros,37340,3.940,Alp,26,Mon,34677,4.150,Del,22,Mon
MON,Monoceros,39750,4.360,Zet,29,Mon,37340,3.940,Alp,26,Mon
MUS,Musca,57190,3.630,Lam,,Mus,59746,4.060,Eps,,Mus
MUS,Musca,59746,4.060,Eps,,Mus,61392,2.690,Alp,,Mus
MUS,Musca,61008,3.840,Gam,,Mus,63411,3.610,Del,,Mus
MUS,Musca,61392,2.690,Alp,,Mus,61008,3.840,Gam,,Mus
MUS,Musca,62127,3.040,Bet,,Mus,61392,2.690,Alp,,Mus
MUS,Musca,63411,3.610,Del,,Mus,62127,3.040,Bet,,Mus
NOR,Norma,78400,4.650,Eta,,Nor,79759,4.010,Gam-2,,Nor
NOR,Norma,78673,4.730,Del,,Nor,78400,4.650,Eta,,Nor
NOR,Norma,79759,4.010,Gam-2,,Nor,80339,4.460,Eps,,Nor
NOR,Norma,80339,4.460,Eps,,Nor,78673,4.730,Del,,Nor
OCT,Octans,70415,4.310,Del,,Oct,106746,3.730,Nu,,Oct
OCT,Octans,106746,3.730,Nu,,Oct,112050,4.130,Bet,,Oct
OCT,Octans,112050,4.130,Bet,,Oct,70415,4.310,Del,,Oct
OPH,Ophiuchus,79352,2.730,Del,1,Oph,79640,3.230,Eps,2,Oph
OPH,Ophiuchus,79640,3.230,Eps,2,Oph,81130,2.540,Zet,13,Oph
OPH,Ophiuchus,80637,3.820,Lam,10,Oph,79352,2.730,Del,1,Oph
OPH,Ophiuchus,81130,2.540,Zet,13,Oph,83755,2.430,Eta,35,Oph
OPH,Ophiuchus,82745,3.190,Kap,27,Oph,80637,3.820,Lam,10,Oph
OPH,Ophiuchus,83755,2.430,Eta,35,Oph,86839,3.750,Gam,62,Oph
OPH,Ophiuchus,85769,2.080,Alp,55,Oph,82745,3.190,Kap,27,Oph
OPH,Ophiuchus,86475,2.760,Bet,60,Oph,85769,2.080,Alp,55,Oph
OPH,Ophiuchus,86839,3.750,Gam,62,Oph,86475,2.760,Bet,60,Oph
OPH,Ophiuchus,86839,3.750,Gam,62,Oph,87920,3.930,,67,Oph
OPH,Ophiuchus,87920,3.930,,67,Oph,88327,4.030,,70,Oph
ORI,Orion,22396,3.190,Pi-3,1,Ori,22456,4.350,Pi-2,2,Ori
ORI,Orion,22456,4.350,Pi-2,2,Ori,22614,4.710,Omi-1,4,Ori
ORI,Orion,22496,3.680,Pi-4,3,Ori,22396,3.190,Pi-3,1,Ori
ORI,Orion,22744,3.710,Pi-5,8,Ori,22496,3.680,Pi-4,3,Ori
ORI,Orion,23069,4.470,Pi-6,10,Ori,22744,3.710,Pi-5,8,Ori
ORI,Orion,24378,0.180,Bet,19,Ori,27298,2.070,Kap,53,Ori
ORI,Orion,24614,3.590,Tau,20,Ori,24378,0.180,Bet,19,Ori
ORI,Orion,25273,1.640,Gam,24,Ori,23069,4.470,Pi-6,10,Ori
ORI,Orion,25273,1.640,Gam,24,Ori,25865,2.250,Del,34,Ori
ORI,Orion,25865,2.250,Del,34,Ori,24614,3.590,Tau,20,Ori
ORI,Orion,26111,4.390,Phi-1,37,Ori,25273,1.640,Gam,24,Ori
ORI,Orion,26662,1.740,Zet,50,Ori,27919,0.450,Alp,58,Ori
ORI,Orion,27298,2.070,Kap,53,Ori,26662,1.740,Zet,50,Ori
ORI,Orion,27919,0.450,Alp,58,Ori,26111,4.390,Phi-1,37,Ori
ORI,Orion,27919,0.450,Alp,58,Ori,28543,4.120,Mu,61,Ori
ORI,Orion,28543,4.120,Mu,61,Ori,28966,4.420,Nu,67,Ori
ORI,Orion,28543,4.120,Mu,61,Ori,29353,4.450,Xi,70,Ori
ORI,Orion,28966,4.420,Nu,67,Ori,27844,4.390,Chi-1,54,Ori
ORI,Orion,29353,4.450,Xi,70,Ori,28645,4.640,Chi-2,62,Ori
PAV,Pavo,86661,3.610,Eta,,Pav,91507,4.010,Zet,,Pav
PAV,Pavo,91507,4.010,Zet,,Pav,98184,3.970,Eps,,Pav
PAV,Pavo,98184,3.970,Eps,,Pav,102064,3.420,Bet,,Pav
PAV,Pavo,98924,3.550,Del,,Pav,86661,3.610,Eta,,Pav
PAV,Pavo,100425,1.940,Alp,,Pav,102064,3.420,Bet,,Pav
PAV,Pavo,102064,3.420,Bet,,Pav,98924,3.550,Del,,Pav
PAV,Pavo,102064,3.420,Bet,,Pav,105519,4.210,Gam,,Pav
PEG,Pegasus,676,2.070,Alp,21,And,1065,2.830,Gam,88,Peg
PEG,Pegasus,1065,2.830,Gam,88,Peg,113603,2.490,Alp,54,Peg
PEG,Pegasus,108830,3.770,Iot,24,Peg,107011,4.140,Kap,10,Peg
PEG,Pegasus,109081,3.520,The,26,Peg,106972,2.380,Eps,8,Peg
PEG,Pegasus,111676,3.410,Zet,42,Peg,109081,3.520,The,26,Peg
PEG,Pegasus,111804,2.930,Eta,44,Peg,109064,4.280,Pi-2,29,Peg
PEG,Pegasus,112084,3.970,Lam,47,Peg,108830,3.770,Iot,24,Peg
PEG,Pegasus,112090,4.200,Xi,46,Peg,111676,3.410,Zet,42,Peg
PEG,Pegasus,112389,3.510,Mu,48,Peg,112084,3.970,Lam,47,Peg
PEG,Pegasus,113521,2.440,Bet,53,Peg,676,2.070,Alp,21,And
PEG,Pegasus,113521,2.440,Bet,53,Peg,111804,2.930,Eta,44,Peg
PEG,Pegasus,113521,2.440,Bet,53,Peg,112389,3.510,Mu,48,Peg
PEG,Pegasus,113603,2.490,Alp,54,Peg,112090,4.200,Xi,46,Peg
PEG,Pegasus,113603,2.490,Alp,54,Peg,113521,2.440,Bet,53,Peg
PER,Perseus,13234,3.770,Eta,15,Per,13497,3.930,Tau,18,Per
PER,Perseus,13234,3.770,Eta,15,Per,14292,2.910,Gam,23,Per
PER,Perseus,13497,3.930,Tau,18,Per,14596,4.050,Iot,,Per
PER,Perseus,14292,2.910,Gam,23,Per,15824,1.790,Alp,33,Per
PER,Perseus,14540,2.090,Bet,26,Per,14318,3.320,Rho,25,Per
PER,Perseus,14596,4.050,Iot,,Per,14632,3.790,Kap,27,Per
PER,Perseus,14632,3.790,Kap,27,Per,14540,2.090,Bet,26,Per
PER,Perseus,15824,1.790,Alp,33,Per,17316,3.010,Del,39,Per
PER,Perseus,17316,3.010,Del,39,Per,17487,3.770,Nu,41,Per
PER,Perseus,17316,3.010,Del,39,Per,19296,3.960,,48,Per
PER,Perseus,17487,3.770,Nu,41,Per,18485,2.900,Eps,45,Per
PER,Perseus,18201,2.840,Zet,44,Per,17406,3.840,Omi,38,Per
PER,Perseus,18485,2.900,Eps,45,Per,18567,3.980,Xi,46,Per
PER,Perseus,18567,3.980,Xi,46,Per,18201,2.840,Zet,44,Per
PER,Perseus,19296,3.960,,48,Per,19762,4.120,Mu,51,Per
PER,Perseus,19762,4.120,Mu,51,Per,19119,4.250,Lam,47,Per
PHE,Phoenix,5154,3.320,Bet,,Phe,7068,3.930,Del,,Phe
PHE,Phoenix,5154,3.320,Bet,,Phe,2076,2.400,Alp,,Phe
PHE,Phoenix,5337,3.940,Zet,,Phe,5154,3.320,Bet,,Phe
PHE,Phoenix,6853,3.410,Gam,,Phe,5154,3.320,Bet,,Phe
PHE,Phoenix,7068,3.930,Del,,Phe,6853,3.410,Gam,,Phe
PHE,Phoenix,2076,2.400,Alp,,Phe,763,3.880,Eps,,Phe
PIC,Pictor,27461,4.500,Gam,,Pic,27253,3.850,Bet,,Pic
PIC,Pictor,32521,3.240,Alp,,Pic,27461,4.500,Gam,,Pic
PSA,Piscis Austrinus,107037,4.350,Iot,9,PsA,108939,4.500,Mu,14,PsA
PSA,Piscis Austrinus,108939,4.500,Mu,14,PsA,110841,4.290,Bet,17,PsA
PSA,Piscis Austrinus,110841,4.290,Bet,17,PsA,112588,4.460,Gam,22,PsA
PSA,Piscis Austrinus,112588,4.460,Gam,22,PsA,112886,4.200,Del,23,PsA
PSA,Piscis Austrinus,112886,4.200,Del,23,PsA,113008,1.170,Alp,24,PsA
PSA,Piscis Austrinus,113008,1.170,Alp,24,PsA,111601,4.180,Eps,18,PsA
PSA,Piscis Austrinus,113008,1.170,Alp,24,PsA,113980,3.680,,88,Aqr
PSC,Pisces,4896,4.270,Eps,71,Psc,3778,4.440,Del,63,Psc
PSC,Pisces,5730,4.670,Phi,85,Psc,6179,4.740,Ups,90,Psc
PSC,Pisces,6179,4.740,Ups,90,Psc,5574,4.510,Tau,83,Psc
PSC,Pisces,7083,3.620,Eta,99,Psc,5730,4.670,Phi,85,Psc
PSC,Pisces,7869,4.450,Nu,106,Psc,4896,4.270,Eps,71,Psc
PSC,Pisces,8183,4.260,Omi,110,Psc,7083,3.620,Eta,99,Psc
PSC,Pisces,9467,3.820,Alp,113,Psc,7869,4.450,Nu,106,Psc
PSC,Pisces,9467,3.820,Alp,113,Psc,8183,4.260,Omi,110,Psc
PSC,Pisces,114609,3.700,Gam,6,Psc,113529,4.480,Bet,4,Psc
PSC,Pisces,114609,3.700,Gam,6,Psc,115465,4.270,The,10,Psc
PSC,Pisces,115376,4.950,Kap,8,Psc,114609,3.700,Gam,6,Psc
PSC,Pisces,115465,4.270,The,10,Psc,116405,4.130,Iot,17,Psc
PSC,Pisces,116405,4.130,Iot,17,Psc,116562,4.490,Lam,18,Psc
PSC,Pisces,116562,4.490,Lam,18,Psc,115376,4.950,Kap,8,Psc
PSC,Pisces,117900,4.030,Ome,28,Psc,116405,4.130,Iot,17,Psc
PSC,Pisces,3778,4.440,Del,63,Psc,117900,4.030,Ome,28,Psc
PUP,Puppis,31605,3.170,Nu,,Pup,32682,2.940,Tau,,Pup
PUP,Puppis,32682,2.940,Tau,,Pup,35250,5.860,,,Pup
PUP,Puppis,35250,5.860,,,Pup,31605,3.170,Nu,,Pup
PUP,Puppis,35250,5.860,,,Pup,36274,3.250,Sig,,Pup
PUP,Puppis,35169,2.710,Pi,,Pup,39318,2.210,Zet,,Pup
PUP,Puppis,36274,3.250,Sig,,Pup,35169,2.710,Pi,,Pup
PUP,Puppis,37570,3.940,,3,Pup,39318,2.210,Zet,,Pup
PUP,Puppis,38062,3.340,Xi,7,Pup,37570,3.940,,3,Pup
PUP,Puppis,39318,2.210,Zet,,Pup,36274,3.250,Sig,,Pup
PUP,Puppis,39644,2.830,Rho,15,Pup,38062,3.340,Xi,7,Pup
PYX,Pyxis,42396,3.970,Bet,,Pyx,42709,3.680,Alp,,Pyx
PYX,Pyxis,42709,3.680,Alp,,Pyx,43286,4.020,Gam,,Pyx
RET,Reticulum,17398,3.840,Bet,,Ret,19730,3.330,Alp,,Ret
RET,Reticulum,18550,4.560,Del,,Ret,18697,4.480,Gam,,Ret
RET,Reticulum,18697,4.480,Gam,,Ret,17398,3.840,Bet,,Ret
RET,Reticulum,19730,3.330,Alp,,Ret,19871,4.440,Eps,,Ret
RET,Reticulum,19871,4.440,Eps,,Ret,18550,4.560,Del,,Ret
SCL,Sculptor,114740,4.410,Gam,,Scl,117085,4.590,Del,,Scl
SCL,Sculptor,115865,4.380,Bet,,Scl,114740,4.410,Gam,,Scl
SCL,Sculptor,117085,4.590,Del,,Scl,4567,4.300,Alp,,Scl
SCO,Scorpius,78165,2.290,Del,7,Sco,78029,2.890,Pi,6,Sco
SCO,Scorpius,78165,2.290,Del,7,Sco,78581,4.900,Bet-2,8,Sco
SCO,Scorpius,78165,2.290,Del,7,Sco,79870,2.900,Sig,20,Sco
SCO,Scorpius,79870,2.900,Sig,20,Sco,80519,1.060,Alp,21,Sco
SCO,Scorpius,80519,1.060,Alp,21,Sco,81020,2.820,Tau,23,Sco
SCO,Scorpius,81020,2.820,Tau,23,Sco,82144,2.290,Eps,26,Sco
SCO,Scorpius,82144,2.290,Eps,26,Sco,82263,3.000,Mu-1,,Sco
SCO,Scorpius,82263,3.000,Mu-1,,Sco,82477,3.620,Zet-2,,Sco
SCO,Scorpius,82477,3.620,Zet-2,,Sco,83885,3.320,Eta,,Sco
SCO,Scorpius,83885,3.320,Eta,,Sco,85965,1.860,The,,Sco
SCO,Scorpius,85665,1.620,Lam,35,Sco,85436,2.700,Ups,34,Sco
SCO,Scorpius,85965,1.860,The,,Sco,86804,2.990,Iot-1,,Sco
SCO,Scorpius,86403,2.390,Kap,,Sco,85665,1.620,Lam,35,Sco
SCO,Scorpius,86804,2.990,Iot-1,,Sco,86403,2.390,Kap,,Sco
SCU,Scutum,90315,4.670,Gam,,Sct,90835,3.850,Alp,,Sct
SCU,Scutum,90835,3.850,Alp,,Sct,91888,4.220,Bet,,Sct
SER,Serpens,76044,3.800,Del,13,Ser,76835,2.630,Alp,24,Ser
SER,Serpens,76835,2.630,Alp,24,Ser,77386,3.710,Eps,37,Ser
SER,Serpens,76997,3.650,Bet,28,Ser,76044,3.800,Del,13,Ser
SER,Serpens,77214,4.090,Kap,35,Ser,76616,4.510,Iot,21,Ser
SER,Serpens,77214,4.090,Kap,35,Ser,76997,3.650,Bet,28,Ser
SER,Serpens,77214,4.090,Kap,35,Ser,77426,4.740,Rho,38,Ser
SER,Serpens,77214,4.090,Kap,35,Ser,77836,3.850,Gam,41,Ser
SER,Serpens,77280,3.540,Mu,32,Ser,79352,2.730,Del,1,Oph
SER,Serpens,77386,3.710,Eps,37,Ser,77280,3.540,Mu,32,Ser
SER,Serpens,84622,4.320,Nu,53,Ser,83755,2.430,Eta,35,Oph
SER,Serpens,85998,3.540,Xi,55,Ser,84622,4.320,Nu,53,Ser
SER,Serpens,86298,4.240,Omi,56,Ser,85998,3.540,Xi,55,Ser
SER,Serpens,87775,3.320,Nu,64,Oph,86298,4.240,Omi,56,Ser
SER,Serpens,89684,3.230,Eta,58,Ser,87775,3.320,Nu,64,Oph
SER,Serpens,92659,4.980,The-2,63,Ser,89684,3.230,Eta,58,Ser
SEX,Sextans,49500,4.480,Alp,15,Sex,51290,5.080,Bet,30,Sex
SEX,Sextans,51217,5.190,Del,29,Sex,48300,5.070,Gam,8,Sex
SEX,Sextans,51290,5.080,Bet,30,Sex,51217,5.190,Del,29,Sex
SEX,Sextans,48300,5.070,Gam,8,Sex,49500,4.480,Alp,15,Sex
SGE,Sagitta,97056,3.680,Del,7,Sge,96450,4.390,Alp,5,Sge
SGE,Sagitta,97056,3.680,Del,7,Sge,96530,4.390,Bet,6,Sge
SGE,Sagitta,98026,3.510,Gam,12,Sge,97056,3.680,Del,7,Sge
SAG,Sagittarius,88361,2.980,Gam-2,10,Sgr,89906,1.790,Eps,20,Sgr
SAG,Sagittarius,89653,2.720,Del,19,Sgr,88361,2.980,Gam-2,10,Sgr
SAG,Sagittarius,89906,1.790,Eps,20,Sgr,89653,2.720,Del,19,Sgr
SAG,Sagittarius,89906,1.790,Eps,20,Sgr,93213,2.600,Zet,38,Sgr
SAG,Sagittarius,90217,2.820,Lam,22,Sgr,89653,2.720,Del,19,Sgr
SAG,Sagittarius,91754,3.170,Phi,27,Sgr,90217,2.820,Lam,22,Sgr
SAG,Sagittarius,92564,2.050,Sig,34,Sgr,91754,3.170,Phi,27,Sgr
SAG,Sagittarius,92564,2.050,Sig,34,Sgr,93388,3.760,Omi,39,Sgr
SAG,Sagittarius,93213,2.600,Zet,38,Sgr,91754,3.170,Phi,27,Sgr
SAG,Sagittarius,93213,2.600,Zet,38,Sgr,93569,3.320,Tau,40,Sgr
SAG,Sagittarius,93388,3.760,Omi,39,Sgr,92793,3.520,Xi-2,37,Sgr
SAG,Sagittarius,93388,3.760,Omi,39,Sgr,93846,2.880,Pi,41,Sgr
SAG,Sagittarius,93569,3.320,Tau,40,Sgr,92564,2.050,Sig,34,Sgr
SAG,Sagittarius,93846,2.880,Pi,41,Sgr,94873,3.920,Rho-1,44,Sgr
SAG,Sagittarius,94946,3.960,Bet-1,,Sgr,95052,3.960,Alp,,Sgr
SAG,Sagittarius,95052,3.960,Alp,,Sgr,93213,2.600,Zet,38,Sgr
TAU,Taurus,16044,3.730,Xi,2,Tau,15861,3.610,Omi,1,Tau
TAU,Taurus,18677,3.410,Lam,35,Tau,16044,3.730,Xi,2,Tau
TAU,Taurus,20155,3.650,Gam,54,Tau,18677,3.410,Lam,35,Tau
TAU,Taurus,20405,3.770,Del-1,61,Tau,20155,3.650,Gam,54,Tau
TAU,Taurus,20597,4.300,Del-3,68,Tau,20405,3.770,Del-1,61,Tau
TAU,Taurus,20833,3.840,The-1,77,Tau,20155,3.650,Gam,54,Tau
TAU,Taurus,20837,3.530,Eps,74,Tau,20597,4.300,Del-3,68,Tau
TAU,Taurus,21368,0.870,Alp,87,Tau,20833,3.840,The-1,77,Tau
TAU,Taurus,21828,4.270,Tau,94,Tau,20837,3.530,Eps,74,Tau
TAU,Taurus,25364,1.650,Bet,112,Tau,21828,4.270,Tau,94,Tau
TAU,Taurus,26386,2.970,Zet,123,Tau,21368,0.870,Alp,87,Tau
TEL,Telescopium,90143,3.490,Alp,,Tel,88835,4.520,Eps,,Tel
TEL,Telescopium,90288,4.100,Zet,,Tel,90143,3.490,Alp,,Tel
TRA,Triangulum Australe,74717,2.870,Gam,,TrA,82022,1.910,Alp,,TrA
TRA,Triangulum Australe,76206,4.110,Eps,,TrA,74717,2.870,Gam,,TrA
TRA,Triangulum Australe,77716,2.830,Bet,,TrA,76206,4.110,Eps,,TrA
TRA,Triangulum Australe,82022,1.910,Alp,,TrA,77716,2.830,Bet,,TrA
TRI,Triangulum,8777,3.420,Alp,2,Tri,10041,3.000,Bet,4,Tri
TRI,Triangulum,8777,3.420,Alp,2,Tri,10645,4.030,Gam,9,Tri
TRI,Triangulum,10041,3.000,Bet,4,Tri,10645,4.030,Gam,9,Tri
TUC,Tucana,109784,2.870,Alp,,Tuc,110492,4.510,Del,,Tuc
TUC,Tucana,114634,3.990,Gam,,Tuc,109784,2.870,Alp,,Tuc
TUC,Tucana,114634,3.990,Gam,,Tuc,2478,4.360,Bet-1,,Tuc
TUC,Tucana,117954,4.490,Eps,,Tuc,110492,4.510,Del,,Tuc
TUC,Tucana,1595,4.230,Zet,,Tuc,117954,4.490,Eps,,Tuc
TUC,Tucana,2478,4.360,Bet-1,,Tuc,1595,4.230,Zet,,Tuc
UMA,Ursa Major,53754,2.340,Bet,48,UMa,53905,1.810,Alp,50,UMa
UMA,Ursa Major,53905,1.810,Alp,50,UMa,59592,3.320,Del,69,UMa
UMA,Ursa Major,53905,1.810,Alp,50,UMa,46600,3.650,,23,UMa
UMA,Ursa Major,54380,3.000,Psi,52,UMa,50655,3.060,Mu,34,UMa
UMA,Ursa Major,55055,3.490,Nu,54,UMa,118742,4.330,Xi,53,UMa
UMA,Ursa Major,57226,3.690,Chi,63,UMa,54380,3.000,Psi,52,UMa
UMA,Ursa Major,57226,3.690,Chi,63,UMa,55055,3.490,Nu,54,UMa
UMA,Ursa Major,57828,2.410,Gam,64,UMa,53754,2.340,Bet,48,UMa
UMA,Ursa Major,57828,2.410,Gam,64,UMa,57226,3.690,Chi,63,UMa
UMA,Ursa Major,59592,3.320,Del,69,UMa,57828,2.410,Gam,64,UMa
UMA,Ursa Major,62757,1.760,Eps,77,UMa,59592,3.320,Del,69,UMa
UMA,Ursa Major,65173,2.230,Zet,79,UMa,62757,1.760,Eps,77,UMa
UMA,Ursa Major,67088,1.850,Eta,85,UMa,65173,2.230,Zet,79,UMa
UMA,Ursa Major,44000,3.120,Iot,9,UMa,46720,3.170,The,25,UMa
UMA,Ursa Major,46600,3.650,,23,UMa,41586,3.350,Omi,1,UMa
UMA,Ursa Major,46720,3.170,The,25,UMa,48265,4.550,Phi,30,UMa
UMA,Ursa Major,48182,3.780,Ups,29,UMa,46600,3.650,,23,UMa
UMA,Ursa Major,48265,4.550,Phi,30,UMa,48182,3.780,Ups,29,UMa
UMI,Ursa Minor,72380,2.070,Bet,7,UMi,74868,3.000,Gam,13,UMi
UMI,Ursa Minor,74868,3.000,Gam,13,UMi,79580,4.950,Eta,21,UMi
UMI,Ursa Minor,76819,4.290,Zet,16,UMi,72380,2.070,Bet,7,UMi
UMI,Ursa Minor,79580,4.950,Eta,21,UMi,76819,4.290,Zet,16,UMi
UMI,Ursa Minor,81830,4.210,Eps,22,UMi,76819,4.290,Zet,16,UMi
UMI,Ursa Minor,85560,4.350,Del,23,UMi,81830,4.210,Eps,22,UMi
UMI,Ursa Minor,11734,1.970,Alp,1,UMi,85560,4.350,Del,23,UMi
VEL,Vela,52575,2.690,Mu,,Vel,48635,3.520,Phi,,Vel
VEL,Vela,39840,1.750,Gam-2,,Vel,44689,2.230,Lam,,Vel
VEL,Vela,42794,1.930,Del,,Vel,39840,1.750,Gam-2,,Vel
VEL,Vela,44689,2.230,Lam,,Vel,45809,2.470,Kap,,Vel
VEL,Vela,44689,2.230,Lam,,Vel,46518,3.600,Psi,,Vel
VEL,Vela,45809,2.470,Kap,,Vel,42794,1.930,Del,,Vel
VEL,Vela,48635,3.520,Phi,,Vel,45809,2.470,Kap,,Vel
VIR,Virgo,59945,3.890,Eta,15,Vir,57584,3.590,Bet,5,Vir
VIR,Virgo,61748,2.740,Gam,29,Vir,59945,3.890,Eta,15,Vir
VIR,Virgo,61748,2.740,Gam,29,Vir,65269,0.980,Alp,67,Vir
VIR,Virgo,62890,3.390,Del,43,Vir,61748,2.740,Gam,29,Vir
VIR,Virgo,63405,2.850,Eps,47,Vir,62890,3.390,Del,43,Vir
VIR,Virgo,64037,4.320,Alp,42,Com,64189,4.230,Bet,43,Com
VIR,Virgo,64189,4.230,Bet,43,Com,60554,4.350,Gam,15,Com
VIR,Virgo,65269,0.980,Alp,67,Vir,69479,4.070,Iot,99,Vir
VIR,Virgo,68302,4.230,Tau,93,Vir,66040,3.380,Zet,79,Vir
VIR,Virgo,69479,4.070,Iot,99,Vir,71731,3.870,Mu,107,Vir
VIR,Virgo,71731,3.870,Mu,107,Vir,71994,3.730,,109,Vir
VIR,Virgo,71994,3.730,,109,Vir,68302,4.230,Tau,93,Vir
VIR,Virgo,75466,3.660,Bet,3,CrB,76035,2.220,Alp,5,CrB
VIR,Virgo,75895,4.140,The,4,CrB,75466,3.660,Bet,3,CrB
VIR,Virgo,76035,2.220,Alp,5,CrB,76716,3.810,Gam,8,CrB
VIR,Virgo,76716,3.810,Gam,8,CrB,77276,4.590,Del,10,CrB
VIR,Virgo,77276,4.590,Del,10,CrB,77923,4.140,Eps,13,CrB
VIR,Virgo,77923,4.140,Eps,13,CrB,78256,4.980,Iot,14,CrB
VOL,Volans,34389,3.780,Gam-2,,Vol,35132,3.970,Del,,Vol
VOL,Volans,35132,3.970,Del,,Vol,41195,3.770,Bet,,Vol
VOL,Volans,37397,3.930,Zet,,Vol,34389,3.780,Gam-2,,Vol
VOL,Volans,39681,4.350,Eps,,Vol,37397,3.930,Zet,,Vol
VOL,Volans,41195,3.770,Bet,,Vol,39681,4.350,Eps,,Vol
VOL,Volans,44254,4.000,Alp,,Vol,41195,3.770,Bet,,Vol
VOL,Volans,44952,3.430,,,Car,45425,2.210,Iot,,Car
VUL,Vulpecula,95473,4.440,Alp,6,Vul,94408,4.760,,1,Vul
VUL,Vulpecula,95473,4.440,Alp,6,Vul,97575,4.570,,13,Vul
